{
    "ZH_ll_etau110": 0.01887,
    "ZH_ll_mutau110": 0.01887,
    "ZH_ll_etau115": 0.01695,
    "ZH_ll_mutau115": 0.01694,
    "ZH_ll_etau120": 0.01499,
    "ZH_ll_mutau120": 0.01499,
    "ZH_ll_etau125": 0.01299,
    "ZH_ll_mutau125": 0.01299,
    "ZH_ll_etau130": 0.01092,
    "ZH_ll_mutau130": 0.01092,
    "ZH_ll_etau135": 0.008748,
    "ZH_ll_mutau135": 0.008749,
    "ZH_ll_etau140": 0.006401,
    "ZH_ll_mutau140": 0.006401,
    "ZH_ll_etau145": 0.003682,
    "ZH_ll_mutau145": 0.003682,
    "ZH_ll_etau150": 0.0006529,
    "ZH_ll_mutau150": 0.0006529,
    "ZH_ll_etau155": 0.0001956,
    "ZH_ll_mutau155": 0.0001956,
    "ZH_ll_etau160": 9.619e-05,
    "ZH_ll_mutau160": 9.62e-05,
    "ZH_ll_etau165": 5.365e-05,
    "ZH_ll_mutau165": 5.365e-05,
    "ZH_ll_etau170": 3.143e-05,
    "ZH_ll_mutau170": 3.143e-05,
    "ZH_ll_etau175": 1.874e-05,
    "ZH_ll_mutau175": 1.874e-05,
    "ZH_ll_etau180": 1.117e-05,
    "ZH_ll_mutau180": 1.117e-05,
    "ZH_ll_etau185": 6.565e-06,
    "ZH_ll_mutau185": 6.565e-06,
    "ZH_ll_etau190": 3.761e-06,
    "ZH_ll_mutau190": 3.762e-06,
    "ZH_ll_etau195": 2.076e-06,
    "ZH_ll_mutau195": 2.076e-06,
    "ZH_ll_etau200": 1.087e-06,
    "ZH_ll_mutau200": 1.087e-06,
    "ZH_ll_etau205": 5.303e-07,
    "ZH_ll_mutau205": 5.303e-07,
    "ZH_ll_etau210": 2.348e-07,
    "ZH_ll_mutau210": 2.348e-07,
    "ZH_ll_etau215": 9.063e-08,
    "ZH_ll_mutau215": 9.063e-08,
    "ZH_ll_etau220": 2.859e-08,
    "ZH_ll_mutau220": 2.858e-08,

    "VBF_mutau110": 0.000843866,
    "VBF_etau110": 0.000843866,
    "VBF_mutau115": 0.000734181,
    "VBF_etau115": 0.000734181,
    "VBF_mutau120": 0.000634385,
    "VBF_etau120": 0.000634385,
    "VBF_mutau125": 0.000544268,
    "VBF_etau125": 0.000544268,
    "VBF_mutau130": 0.000463368,
    "VBF_etau130": 0.000463368,
    "VBF_mutau135": 0.000391126,
    "VBF_etau135": 0.000391126,
    "VBF_mutau140": 0.000327064,
    "VBF_etau140": 0.000327064,
    "VBF_mutau145": 0.000270661,
    "VBF_etau145": 0.000270661,
    "VBF_mutau150": 0.000221427,
    "VBF_etau150": 0.000221427,
    "VBF_mutau155": 0.000178859,
    "VBF_etau155": 0.000178859,
    "VBF_mutau160": 0.000142363,
    "VBF_etau160": 0.000142363,
    "VBF_mutau165": 0.000111476,
    "VBF_etau165": 0.000111476,
    "VBF_mutau170": 8.5665e-05,
    "VBF_etau170": 8.5665e-05,
    "VBF_mutau175": 6.44025e-05,
    "VBF_etau175": 6.44025e-05,
    "VBF_mutau180": 4.72087e-05,
    "VBF_etau180": 4.72087e-05,
    "VBF_mutau185": 3.35721e-05,
    "VBF_etau185": 3.35721e-05,
    "VBF_mutau190": 2.30311e-05,
    "VBF_etau190": 2.30311e-05,
    "VBF_mutau195": 1.51119e-05,
    "VBF_etau195": 1.51119e-05,
    "VBF_mutau200": 9.38292e-06,
    "VBF_etau200": 9.38292e-06,
    "VBF_mutau205": 5.42869e-06,
    "VBF_etau205": 5.42869e-06,
    "VBF_mutau210": 2.85798e-06,
    "VBF_etau210": 2.85798e-06,
    "VBF_mutau215": 1.32141e-06,
    "VBF_etau215": 1.32141e-06,
    "VBF_mutau220": 5.04578e-07,
    "VBF_etau220": 5.04578e-07,
    "VBF_mutau225": 1.41785e-07,
    "VBF_etau225": 1.41785e-07,
    "VBF_mutau230": 2.25353e-08,
    "VBF_etau230": 2.25353e-08,
    "VBF_mutau235": 8.71533e-10,
    "VBF_etau235": 8.71533e-10,

    "zz_ll_tautau": 5.79e-04,
    "zh_ll_ww": 6.6e-05, 
    "zh_ll_tautau": 7.39611e-05, 
    "zww": 3.53e-06,
    "vbs": 3.91e-06
}